{
  "mean_auc": 0.8619541805801852,
  "mean_f1": 0.34819916753999486,
  "vision_auc": 0.5903311277011052,
  "text_auc": 0.8594457675278235,
  "class_metrics": {
    "aorta": {
      "auc": 0.8541962641410155,
      "f1": 0.2747252747252747
    },
    "calcified granuloma": {
      "auc": 0.8765995908853051,
      "f1": 0.3502824858757062
    },
    "calcinosis": {
      "auc": 0.8421841434780437,
      "f1": 0.2736842105263158
    },
    "cardiomegaly": {
      "auc": 0.8300378787878788,
      "f1": 0.3465346534653465
    },
    "cicatrix": {
      "auc": 0.729935064935065,
      "f1": 0.18348623853211007
    },
    "density": {
      "auc": 0.8970238095238094,
      "f1": 0.28169014084507044
    },
    "diaphragm": {
      "auc": 0.8344874754210482,
      "f1": 0.23853211009174316
    },
    "lung": {
      "auc": 0.8546771459392819,
      "f1": 0.4444444444444444
    },
    "markings": {
      "auc": 0.8718253968253968,
      "f1": 0.19298245614035087
    },
    "normal": {
      "auc": 0.9433185038721371,
      "f1": 0.8082474226804123
    },
    "opacity": {
      "auc": 0.855755894590846,
      "f1": 0.4221105527638191
    },
    "pleural effusion": {
      "auc": 0.8548159307033236,
      "f1": 0.273972602739726
    },
    "pulmonary atelectasis": {
      "auc": 0.815482630123813,
      "f1": 0.34090909090909094
    },
    "spine": {
      "auc": 0.9194839857651246,
      "f1": 0.2597402597402597
    },
    "thoracic vertebrae": {
      "auc": 0.9494889937106918,
      "f1": 0.5316455696202532
    }
  }
}